time,request,connect 
0,8.778919374247895,1.8475908543922983 
