time,request,connect 
0,4.167556496021472,1.3924559586354848 
