time,load@tsung_controller@ip-172-31-20-83 
0,0.01171875 
10,0.01171875 
