time,cpu@tsung_controller@ip-172-31-20-83 
0,7.185305240410589 
10,1.6898608349900597 
