time,cpu@tsung_controller@ip-172-31-16-249 
0,2.1594969379153954 
10,3.3099297893681046 
20,3.3099297893681046 
