time,session 
0,21.633499999999998 
10,19.840714285714284 
20,16.48542857142857 
