time,connect,request 
0,3.3042499999999997,9.427875000000002 
10,1.6512857142857142,8.937785714285717 
20,1.673,6.727083333333333 
