time,page 
0,5.490560809243442 
10,2.8118026972323746 
20,0.18238603747728832 
