time,connect,request 
0,4.159590417036273,3.393044335014649 
10,0.22022761879844382,2.2836098359074084 
20,0.1171793497165777,0.3977085319538532 
