time,size_sent,size_rcv 
0,4.909375,21.025 
10,9.1625,39.421875 
20,12.8125,55.190625 
