time,session 
0,6.02668146661162 
10,2.814999148149362 
20,2.5652505785229334 
