time,freemem@tsung_controller@ip-172-31-16-249 
0,3521.4140625 
10,3522.71875 
20,3521.81640625 
