time,size_sent,size_rcv 
0,4.909375,21.025 
10,4.253125,18.396875 
20,3.65,15.76875 
