time,session 
0,8.027435453925628 
10,1.4725322189352834 
20,0.4751954229577553 
30,0.9248405680920837 
40,4.965669638931913 
50,0.7304490673551445 
60,6.953147170806102 
70,4.332016497261832 
