time,page 
0,16.331909090909093 
10,13.9 
20,13.96190909090909 
30,13.761833333333334 
40,16.608185185185185 
50,14.654066666666667 
60,14.96367857142857 
70,15.650579999999996 
