time,page 
0,7.484614369789724 
10,1.2264797185440943 
20,1.0090202677976516 
30,0.920792487781886 
40,4.664139300037133 
50,3.2979139965876745 
60,2.894088063295974 
70,4.265779314920077 
