time,load@tsung_controller@ip-172-31-16-249 
0,0.0703125 
10,0.05859375 
20,0.05078125 
30,0.0390625 
40,0.0390625 
50,0.03125 
60,0.01953125 
70,0.01953125 
