time,session 
0,18.416818181818186 
10,16.147555555555556 
20,15.622899999999998 
30,15.66858333333333 
40,18.88996428571429 
50,15.727599999999997 
60,17.61343333333334 
70,17.742297872340433 
