time,session 
0,4.639237178674954 
10,1.881881447013135 
