time,freemem@tsung_controller@ip-172-31-20-83 
0,3522.57421875 
10,3522.57421875 
